<?xml version="1.0" encoding="utf-8"?>
<form>
	<fields name="params" addfieldpath="/plugins/system/t3/includes/depend">

		<fieldset name="general_params" label="T3_GENERAL_LABEL" description="T3_GENERAL_DESC">
			<field name="t3_template" type="hidden" default="1" value="1"/>

			<field name="general_params_default" type="t3depend" function="@group">
				<option for="devmode" value="0" hide="0">
					minify, minify_js
				</option>
				<option for="responsive" value="0">
					non_responsive_width
				</option>
				<option for="minify_js" value="1">
					minify_js_tool, minify_exclude
				</option>
			</field>

			<field name="devmode" type="radio" default="0"
						 global="1"
						 label="T3_GENERAL_DEVELOPMENT_LABEL"
						 description="T3_GENERAL_DEVELOPMENT_DESC">
				<option value="0" class="off">JNO</option>
				<option value="1" class="on">JYES</option>
			</field>

			<field name="themermode" type="radio" default="1"
						 global="1"
						 label="T3_GENERAL_THEMER_LABEL"
						 description="T3_GENERAL_THEMER_DESC">
				<option value="0" class="off">JNO</option>
				<option value="1" class="on">JYES</option>
			</field>

			<field name="legacy_css" type="radio" default="0"
						 global="1"
						 label="T3_GENERAL_LEGACY_CSS_LABEL"
						 description="T3_GENERAL_LEGACY_CSS_DESC">
				<option value="0" class="off">JNO</option>
				<option value="1" class="on">JYES</option>
			</field>

			<field name="responsive" type="radio" default="1"
						 global="1"
						 label="T3_GENERAL_RESPONSIVE_LABEL"
						 description="T3_GENERAL_RESPONSIVE_DESC">
				<option value="0" class="off">JNO</option>
				<option value="1" class="on">JYES</option>
			</field>

			<field name="non_responsive_width" type="text" default="970px"
						 global="1"
						 label="T3_GENERAL_NON_RESPON_WIDTH_LABEL"
						 description="T3_GENERAL_NON_RESPON_WIDTH_DESC"/>

			<field name="build_rtl" type="radio" default="0"
						 global="1"
						 label="T3_GENERAL_BUILD_RTL_LABEL"
						 description="T3_GENERAL_BUILD_RTL_DESC">
				<option value="0" class="off">JNO</option>
				<option value="1" class="on">JYES</option>
			</field>

			<field name="t3-assets" type="text" default="t3-assets"
						 global="1"
						 label="T3_GENERAL_ASSETS_FOLDER_LABEL"
						 description="T3_GENERAL_ASSETS_FOLDER_DESC"/>

			<field name="t3-rmvlogo" type="radio" default="1"
						 global="1"
						 label="T3_GENERAL_REMOVE_T3LOGO_LABEL"
						 description="T3_GENERAL_REMOVE_T3LOGO_DESC">
				<option value="0" class="off">JNO</option>
				<option value="1" class="on">JYES</option>
			</field>

			<field name="general_optimize_legend" type="t3depend" function="@legend" label="T3_GENERAL_OPTIMIZE_LABEL"
						 description="T3_GENERAL_OPTIMIZE_DESC"/>

			<field name="minify" type="radio" default="0"
						 global="1"
						 label="T3_GENERAL_ASSETS_MINIFY_LABEL"
						 description="T3_GENERAL_ASSETS_MINIFY_DESC">
				<option value="0" class="off">JNO</option>
				<option value="1" class="on">JYES</option>
			</field>

			<field name="minify_js" type="radio" default="0"
						 global="1"
						 label="T3_GENERAL_ASSETS_MINIFYJS_LABEL"
						 description="T3_GENERAL_ASSETS_MINIFYJS_DESC">
				<option value="0" class="off">JNO</option>
				<option value="1" class="on">JYES</option>
			</field>

			<field name="minify_js_tool" type="list" default="jsmin"
						 global="1"
						 label="T3_GENERAL_ASSETS_MINIFYJS_TOOL_LABEL"
						 description="T3_GENERAL_ASSETS_MINIFYJS_TOOL_DESC">
				<option value="jsmin">T3_GENERAL_ASSETS_MINIFYJS_TOOL_JSMIN</option>
				<option value="closurecompiler">T3_GENERAL_ASSETS_MINIFYJS_TOOL_CLOSURE</option>
			</field>

			<field name="minify_exclude" type="text" default=""
						 global="1"
						 label="T3_GENERAL_ASSETS_MINIFYJS_EXCLUDE_LABEL"
						 description="T3_GENERAL_ASSETS_MINIFYJS_EXCLUDE_DESC"/>

             
			<field name="general_jcore_legend" type="t3depend" function="@legend" label="T3_GENERAL_JCORE_LABEL"
						 description="T3_GENERAL_JCORE_DESC"/>
             
			<field name="link_titles" type="list" global="1"
				description="T3_GENERAL_JCORE_LINKED_TITLES_DESC"
				label="T3_GENERAL_JCORE_LINKED_TITLES_LABEL"
			>
				<option value="">JGLOBAL_USE_GLOBAL</option>
				<option value="0">JNO</option>
				<option value="1">JYES</option>
			</field>
      
		</fieldset>

		<fieldset name="theme_params" label="T3_THEME_LABEL" description="T3_THEME_DESC">

			<field name="theme_params_default" type="t3depend" function="@group">
				<option for="logotype" value="image">
					logoimage, logoimage_sm, enable_logoimage_sm
				</option>
				<option for="enable_logoimage_sm" value="1">
					logoimage_sm
				</option>
			</field>

			<field name="theme" type="t3folderlist" default=""
						 label="T3_THEME_THEME_LABEL"
						 description="T3_THEME_THEME_DESC"
						 filter=".*"
						 directory="less/themes"
						 stripext="true"
						 hide_none="true"/>

			<field name="logotype" type="list" default="image"
						 label="T3_THEME_LOGOTYPE_LABEL"
						 description="T3_THEME_LOGOTYPE_DESC">
				<option value="text">T3_THEME_LOGOTYPE_TEXT</option>
				<option value="image">T3_THEME_LOGOTYPE_IMAGE</option>
			</field>

			<field name="sitename" type="text" default="" filter="RAW" size="50"
						 label="T3_THEME_SITENAME_LABEL"
						 description="T3_THEME_SITENAME_DESC"
						 placeholder="T3_THEME_SITENAME_HINT"
				/>
			<field name="slogan" type="text" default="" filter="RAW" size="50"
						 label="T3_THEME_SLOGAN_LABEL"
						 description="T3_THEME_SLOGAN_DESC"
						 placeholder="T3_THEME_SLOGAN_HINT"
				/>

			<field name="logoimage" type="t3media" default=""
						 label="T3_THEME_LOGOIMAGE_LABEL"
						 description="T3_THEME_LOGOIMAGE_DESC"/>

			<field name="enable_logoimage_sm" type="radio" class="t3onoff" default="0"
						 label="T3_THEME_ENABLE_LOGOIMAGE_SM_LABEL"
						 description="T3_THEME_ENABLE_LOGOIMAGE_SM_DESC">
				<option value="0" class="off">JNO</option>
				<option value="1" class="on">JYES</option>
			</field>

			<field name="logoimage_sm" type="t3media" default=""
						 label="T3_THEME_LOGOIMAGE_SM_LABEL"
						 description="T3_THEME_LOGOIMAGE_SM_DESC"/>

		</fieldset>

		<fieldset name="layout_params" label="T3_LAYOUT_LABEL" description="T3_LAYOUT_DESC">
			<field name="layout_ajax_default" type="t3depend" function="@ajax">
				<option
					for="mainlayout"
					query="t3action=layout&amp;t3task=display&amp;t3tp=layout"
					func="T3AdminLayout.t3layout">
				</option>
			</field>

			<field name="mainlayout" type="t3filelist" default="default-joomla-3.x"
						 label="T3_LAYOUT_LAYOUT_LABEL"
						 description="T3_LAYOUT_LAYOUT_DESC"
						 filter=".*\.php"
						 directory="tpls"
						 stripext="true"
						 hide_none="true"
						 hide_default="true"
				/>

            <field name="sublayout" type="t3filelist" default=""
                   label="T3_LAYOUT_SUBLAYOUT_LABEL"
                   description="T3_LAYOUT_SUBLAYOUT_DESC"
                   filter=".*\.php"
                   directory="tpls"
                   stripext="true"
                   hide_none="true"
                   hide_default="false"
                    />

		</fieldset>

		<fieldset name="navigation_params" label="T3_NAVIGATION_LABEL" description="T3_NAVIGATION_DESC">
			<field name="navigation_group_default" type="t3depend" function="@group">
				<option for="navigation_type" value="megamenu">
					navigation_animation,navigation_animation_duration
				</option>
				<option for="navigation_trigger" value="hover">
					navigation_animation,navigation_animation_duration
				</option>
				<option for="navigation_animation" value="fading,slide,zoom,elastic">
					navigation_animation_duration
				</option>
			</field>

			<field name="mm_type" type="menu" default="mainmenu"
						 label="T3_NAVIGATION_MM_TYPE_LABEL"
						 description="T3_NAVIGATION_MM_TYPE_DESC"/>

			<field name="navigation_trigger" type="list" default="hover"
						 global="1"
						 label="T3_NAVIGATION_TRIGGER_LABEL"
						 description="T3_NAVIGATION_TRIGGER_DESC">
				<option value="hover">T3_NAVIGATION_TRIG_HOVER</option>
				<option value="click">T3_NAVIGATION_TRIG_CLICK</option>
			</field>

			<field name="navigation_mm_legend" type="t3depend" function="@legend" label="T3_NAVIGATION_MM_GROUP_LABEL"
						 description="T3_NAVIGATION_MM_GROUP_DESC"/>

			<field name="navigation_type" type="radio" class="t3onoff" default="megamenu"
						 global="1"
						 label="T3_NAVIGATION_MM_ENABLE_LABEL"
						 description="T3_NAVIGATION_MM_ENABLE_DESC">
				<option value="t3bootstrap" class="off">JNO</option>
				<option value="megamenu" class="on">JYES</option>
			</field>

			<field name="navigation_animation" type="list" default=""
						 global="1"
						 label="T3_NAVIGATION_ANIMATION_LABEL"
						 description="T3_NAVIGATION_ANIMATION_DESC">
				<option value="">None</option>
				<option value="fading">Fading</option>
				<option value="slide">Slide</option>
				<option value="zoom">Zoom</option>
				<option value="elastic">Elastic</option>
			</field>

			<field name="navigation_animation_duration" type="text" default="400"
						 global="1"
						 label="T3_NAVIGATION_ANIMATION_DURATION_LABEL"
						 description="T3_NAVIGATION_ANIMATION_DURATION_DESC"/>

			<field name="mm_config" type="hidden" hide="true" global="1"
						 label=""
						 description=""/>

			<field name="navigation_collapse_legend" type="t3depend" function="@legend" label="T3_NAVIGATION_COLLAPSE_GROUP_LABEL"
						 description="T3_NAVIGATION_COLLAPSE_GROUP_DESC"/>

			<field name="navigation_collapse_enable" type="radio" default="1"
						 global="1"
						 label="T3_NAVIGATION_COLLAPSE_ENABLE_LABEL"
						 description="T3_NAVIGATION_COLLAPSE_ENABLE_DESC">
				<option value="0" class="off">JNO</option>
				<option value="1" class="on">JYES</option>
			</field>

		</fieldset>

		<fieldset name="addon_params" label="T3_ADDON_LABEL" description="T3_ADDON_DESC">
			<field name="addon_group_default" type="t3depend" function="@group">
				<option for="addon_offcanvas_enable" value="1">
					addon_offcanvas_effect
				</option>
			</field>

			<field name="addon_offcanvas_legend" type="t3depend" function="@legend" label="T3_ADDON_OFFCANVAS_GROUP_LABEL"
						 description="T3_ADDON_OFFCANVAS_GROUP_DESC"/>

			<field name="addon_offcanvas_enable" type="radio" default="1"
						 global="1"
						 label="T3_ADDON_OFFCANVAS_ENABLE_LABEL"
						 description="T3_ADDON_OFFCANVAS_ENABLE_DESC">
				<option value="0" class="off">JNO</option>
				<option value="1" class="on">JYES</option>
			</field>

			<field name="addon_offcanvas_effect" type="list" default="off-canvas-effect-4"
						 global="1"
						 label="T3_ADDON_OFFCANVAS_EFFECT_LABEL"
						 description="T3_ADDON_OFFCANVAS_EFFECT_DESC">
				<option value="off-canvas-effect-1">T3_ADDON_OFFCANVAS_EFFECT_1</option>
				<option value="off-canvas-effect-2">T3_ADDON_OFFCANVAS_EFFECT_2</option>
				<option value="off-canvas-effect-3">T3_ADDON_OFFCANVAS_EFFECT_3</option>
				<option value="off-canvas-effect-4">T3_ADDON_OFFCANVAS_EFFECT_4</option>
				<option value="off-canvas-effect-5">T3_ADDON_OFFCANVAS_EFFECT_5</option>
				<option value="off-canvas-effect-6">T3_ADDON_OFFCANVAS_EFFECT_6</option>
				<option value="off-canvas-effect-7">T3_ADDON_OFFCANVAS_EFFECT_7</option>
				<option value="off-canvas-effect-8">T3_ADDON_OFFCANVAS_EFFECT_8</option>
				<option value="off-canvas-effect-9">T3_ADDON_OFFCANVAS_EFFECT_9</option>
				<option value="off-canvas-effect-10">T3_ADDON_OFFCANVAS_EFFECT_10</option>
				<option value="off-canvas-effect-11">T3_ADDON_OFFCANVAS_EFFECT_11</option>
				<option value="off-canvas-effect-12">T3_ADDON_OFFCANVAS_EFFECT_12</option>
				<option value="off-canvas-effect-13">T3_ADDON_OFFCANVAS_EFFECT_13</option>
				<option value="off-canvas-effect-14">T3_ADDON_OFFCANVAS_EFFECT_14</option>
			</field>

		</fieldset>

		<fieldset name="injection_params" label="T3_INJECTION_LABEL" description="T3_INJECTION_DESC">

			<field name="snippet_open_head" type="textarea"
						 class="t3-admin-textarea"
						 global="1"
						 filter="raw"
						 default=""
						 label="T3_INJECTION_OPEN_HEAD_LABEL"
						 description="T3_INJECTION_OPEN_HEAD_DESC"
				/>

			<field name="snippet_close_head" type="textarea"
						 class="t3-admin-textarea"
						 global="1"
						 filter="raw"
						 default=""
						 label="T3_INJECTION_CLOSE_HEAD_LABEL"
						 description="T3_INJECTION_CLOSE_HEAD_DESC"
				/>

			<field name="snippet_open_body" type="textarea"
						 class="t3-admin-textarea"
						 global="1"
						 filter="raw"
						 default=""
						 label="T3_INJECTION_OPEN_BODY_LABEL"
						 description="T3_INJECTION_OPEN_BODY_DESC"
				/>

			<field name="snippet_close_body" type="textarea"
						 class="t3-admin-textarea"
						 global="1"
						 filter="raw"
						 default=""
						 label="T3_INJECTION_CLOSE_BODY_LABEL"
						 description="T3_INJECTION_CLOSE_BODY_DESC"
				/>

			<field name="snippet_debug" type="radio" default="0"
						 global="1"
						 label="T3_INJECTION_DEBUG_LABEL"
						 description="T3_INJECTION_DEBUG_DESC">
				<option value="0" class="off">JNO</option>
				<option value="1" class="on">JYES</option>
			</field>

		</fieldset>

	</fields>
</form>